111 t7 t3 .	111 010 010
110 t7 t3 .	110 101 000
001 t7 t3 .	001 110 001
010 t7 t3 .	010 000 111
100 t7 t3 .	100 001 101
011 t7 t3 .	011 100 011
101 t4 t7 .	101 001 110
010 t4 t7 .	010 010 000
110 t4 t7 .	110 110 101
000 t4 t7 .	000 000 011
011 t4 t7 .	011 101 111
111 t4 t7 .	111 011 100
110 t8 t2 .	110 101 011
111 t8 t2 .	111 111 100
000 t8 t2 .	000 010 010
010 t8 t2 .	010 110 000
101 t8 t2 .	101 011 111
011 t8 t2 .	011 000 101
100 t4 t8 .	100 111 111
110 t4 t8 .	110 110 101
011 t4 t8 .	011 101 011
010 t4 t8 .	010 010 110
001 t4 t8 .	001 100 001
101 t4 t8 .	101 001 100
111 t7 t1 .	111 010 101
100 t7 t1 .	100 001 001
000 t7 t1 .	000 011 010
001 t7 t1 .	001 110 111
110 t7 t1 .	110 101 000
010 t7 t1 .	010 000 110
110 t2 t8 .	110 000 010
011 t2 t8 .	011 111 111
010 t2 t8 .	010 010 110
001 t2 t8 .	001 001 100
000 t2 t8 .	000 101 011
100 t2 t8 .	100 110 101
101 t7 t5 .	101 111 111
001 t7 t5 .	001 110 011
100 t7 t5 .	100 001 000
011 t7 t5 .	011 100 101
111 t7 t5 .	111 010 110
010 t7 t5 .	010 000 001
010 t3 t7 .	010 010 000
101 t3 t7 .	101 000 011
111 t3 t7 .	111 110 101
011 t3 t7 .	011 100 001
001 t3 t7 .	001 101 111
000 t3 t7 .	000 111 010
100 t8 t5 .	100 001 000
010 t8 t5 .	010 110 011
000 t8 t5 .	000 010 110
011 t8 t5 .	011 000 001
111 t8 t5 .	111 111 111
101 t8 t5 .	101 011 100
010 t7 t2 .	010 000 101
101 t7 t2 .	101 111 100
110 t7 t2 .	110 101 011
011 t7 t2 .	011 100 110
100 t7 t2 .	100 001 001
000 t7 t2 .	000 011 111
101 t5 t8 .	101 010 110
001 t5 t8 .	001 000 010
111 t5 t8 .	111 111 111
100 t5 t8 .	100 101 011
011 t5 t8 .	011 100 001
110 t5 t8 .	110 011 000
110 t2 t7 .	110 000 011
011 t2 t7 .	011 111 010
111 t2 t7 .	111 100 001
000 t2 t7 .	000 101 111
001 t2 t7 .	001 001 110
100 t2 t7 .	100 110 101
111 t8 t3 .	111 111 110
110 t8 t3 .	110 101 000
001 t8 t3 .	001 100 011
011 t8 t3 .	011 000 111
000 t8 t3 .	000 010 010
010 t8 t3 .	010 110 001
100 t6 t7 .	100 110 101
101 t6 t7 .	101 000 011
111 t6 t7 .	111 100 001
001 t6 t7 .	001 010 000
010 t6 t7 .	010 101 111
110 t6 t7 .	110 001 110
101 t6 t8 .	101 000 010
011 t6 t8 .	011 111 111
111 t6 t8 .	111 100 001
100 t6 t8 .	100 110 101
001 t6 t8 .	001 010 110
110 t6 t8 .	110 001 100
101 t8 t1 .	101 011 010
001 t8 t1 .	001 100 011
011 t8 t1 .	011 000 110
110 t8 t1 .	110 101 000
010 t8 t1 .	010 110 111
100 t8 t1 .	100 001 001
100 t7 t6 .	100 001 010
101 t7 t6 .	101 111 100
011 t7 t6 .	011 100 110
001 t7 t6 .	001 110 001
110 t7 t6 .	110 101 000
010 t7 t6 .	010 000 011
000 t5 t7 .	000 001 110
100 t5 t7 .	100 101 111
011 t5 t7 .	011 100 001
010 t5 t7 .	010 110 101
101 t5 t7 .	101 010 000
001 t5 t7 .	001 000 011
000 t3 t8 .	000 111 111
101 t3 t8 .	101 000 010
001 t3 t8 .	001 101 011
111 t3 t8 .	111 110 101
011 t3 t8 .	011 100 001
010 t3 t8 .	010 010 110
001 t7 t4 .	001 110 110
011 t7 t4 .	011 100 111
000 t7 t4 .	000 011 101
101 t7 t4 .	101 111 011
010 t7 t4 .	010 000 000
100 t7 t4 .	100 001 100
011 t1 t8 .	011 010 110
111 t1 t8 .	111 100 001
001 t1 t8 .	001 001 100
101 t1 t8 .	101 000 010
000 t1 t8 .	000 110 101
010 t1 t8 .	010 101 011
101 t1 t7 .	101 000 011
110 t1 t7 .	110 111 010
001 t1 t7 .	001 001 110
100 t1 t7 .	100 011 100
111 t1 t7 .	111 100 001
000 t1 t7 .	000 110 101
111 t8 t6 .	111 111 100
010 t8 t6 .	010 110 001
000 t8 t6 .	000 010 101
101 t8 t6 .	101 011 111
110 t8 t6 .	110 101 000
011 t8 t6 .	011 000 011
110 t8 t4 .	110 101 001
111 t8 t4 .	111 111 011
100 t8 t4 .	100 001 100
101 t8 t4 .	101 011 101
011 t8 t4 .	011 000 000
010 t8 t4 .	010 110 110
000 t7 t3 .	000 011 100
101 t7 t3 .	101 111 110
100 t4 t7 .	100 111 010
001 t4 t7 .	001 100 001
001 t8 t2 .	001 100 110
100 t8 t2 .	100 001 001
000 t4 t8 .	000 000 010
111 t4 t8 .	111 011 000
011 t7 t1 .	011 100 011
101 t7 t1 .	101 111 100
101 t2 t8 .	101 011 000
111 t2 t8 .	111 100 001
000 t7 t5 .	000 011 100
110 t7 t5 .	110 101 010
100 t3 t7 .	100 011 100
110 t3 t7 .	110 001 110
001 t8 t5 .	001 100 101
110 t8 t5 .	110 101 010
111 t7 t2 .	111 010 010
001 t7 t2 .	001 110 000
000 t5 t8 .	000 001 100
010 t5 t8 .	010 110 101
010 t2 t7 .	010 010 000
101 t2 t7 .	101 011 100
100 t8 t3 .	100 001 101
101 t8 t3 .	101 011 100
000 t6 t7 .	000 011 100
011 t6 t7 .	011 111 010
010 t6 t8 .	010 101 011
000 t6 t8 .	000 011 000
000 t8 t1 .	000 010 101
111 t8 t1 .	111 111 100
111 t7 t6 .	111 010 101
000 t7 t6 .	000 011 111
110 t5 t7 .	110 011 100
111 t5 t7 .	111 111 010
110 t3 t8 .	110 001 100
100 t3 t8 .	100 011 000
111 t7 t4 .	111 010 010
110 t7 t4 .	110 101 001
110 t1 t8 .	110 111 111
100 t1 t8 .	100 011 000
011 t1 t7 .	011 010 000
010 t1 t7 .	010 101 111
001 t8 t6 .	001 100 110
100 t8 t6 .	100 001 010
001 t8 t4 .	001 100 111
000 t8 t4 .	000 010 010
